{
   "paths":[
      [
         {
            "name":"Lawyer",
            "text":"Alright then, lets get this over with... {hurry_reason}."
         },
         {
            "name":"The Boss",
            "text":"Uhh- right.. Let me show you our {record} from {time_past}."
         },
         {
            "wait":3
         },
         {
            "sound_effect":"crash",
            "text":"**CRASH**",
            "shake":3
         },
         {
            "wait":2
         },
         {
            "name":"The Boss",
            "text":"..err... oops."
         },
         {
            "name":"The Boss",
            "text":"Guess it's {destroy_reason} now..."
         },
         {
            "name":"Lawyer",
            "text":"...seriously?",
            "shake":1,
            "wait":3
         },
         {
            "name":"Lawyer",
            "text":"**sigh** Alright. I'll help you clean up."
         },
         {
            "name":"Lawyer",
            "text":"Is this the {room}?"
         },
         {
            "name":"Lawyer",
            "sound_effect":"knock",
            "text":"**knock kn-",
            "spring":1
         },
         {
            "name":"The Boss",
            "text":"-wait! Don't go in the-",
            "shake":2
         },
         {
            "open":true
         }
      ],
      [
         {
            "name":"Lawyer",
            "text":"Back to business, where are the latest {record}?"
         },
         {
            "name":"The Boss",
            "text":"Um.. they're right here. Have a look"
         },
         {
            "wait":3
         },
         {
            "name":"Lawyer",
            "text":"Hmm.."
         },
         {
            "wait":1
         },
         {
            "name":"Lawyer",
            "text":"This is an expired {food} coupon from {time_past}"
         },
         {
            "name":"The Boss",
            "text":"Oh, it's expired? I didn't even realise. My bad."
         },
         {
            "wait":1
         },
         {
            "name":"Lawyer",
            "text":"Why is it mixed in with the rest of the {record}!?",
            "shake":1
         },
         {
            "name":"Lawyer",
            "text":"{open_door_reason}"
         },
         {
            "open":true
         }
      ],
      [
         {
            "name":"Lawyer",
            "text":"This report looks.. fishy."
         },
         {
            "wait":1
         },
         {
            "name":"Lawyer",
            "text":"Did a {animal} really storm the office {time_past}?!",
            "shake":1
         },
         {
            "name":"The Boss",
            "text":"Oh yes- that incident. It caused $500k worth of property damage."
         },
         {
            "wait":1
         },
         {
            "name":"Lawyer",
            "text":"But this {record} says you had only signed up for insurance a day bafore.."
         },
         {
            "name":"The Boss",
            "text":"Yup! Talk about a lucky break, am I right?"
         },
         {
            "wait":2
         },
         {
            "name":"Lawyer",
            "text":"I'll overlook this, but only because {hurry_reason}."
         },
         {
            "name":"Lawyer",
            "text":"{open_door_reason}"
         },
         {
            "open":true
         }
      ],
      [
         {
            "name":"Lawyer",
            "text":"Ok, so.. you say you've been paying your fair share of taxes?"
         },
         {
            "wait":1
         },
         {
            "name":"The Boss",
            "text":"Of course. Yes. Definitely."
         },
         {
            "name":"The Boss",
            "text":"This company is very upstanding and legit."
         },
         {
            "wait":1
         },
         {
            "name":"Lawyer",
            "text":"Right..."
         },
         {
            "name":"Lawyer",
            "text":"Where's the {room}?"
         },
         {
            "name":"The Boss",
            "text":"-wait! Not there-",
            "shake":2
         },
         {
            "open":true
         }
      ],
      [
         {
            "name":"Lawyer",
            "text":"I'm 90% sure you guys are dodging taxes..."
         },
         {
            "name":"The Boss",
            "text":"Who? Us? Never!"
         },
         {
            "name":"Lawyer",
            "text":"You didn't let me finish."
         },
         {
            "name":"Lawyer",
            "text":"I was going to say I dont care because {hurry_reason}"
         },
         {
            "wait":2
         },
         {
            "name":"The Boss",
            "text":"Oh.. well.."
         },
         {
            "name":"Lawyer",
            "text":"Don't implecate yourself. Let's just get this done."
         },
         {
            "name":"The Boss",
            "text":"Alright, well, let me get the {record}"
         },
         {
            "name":"Lawyer",
            "text":"Cool- I'll check the {room}"
         },
         {
            "open":true
         }
      ],
      [
         {
            "name":"Lawyer",
            "text":"How old is this company?"
         },
         {
            "name":"The Boss",
            "text":"Ah, well.. it was established {time_past}"
         },
         {
            "name":"Lawyer",
            "text":"Wow. Ok."
         },
         {
            "name":"The Boss",
            "text":"You don't believe me?"
         },
         {
            "wait":2
         },
         {
            "name":"Lawyer",
            "text":"No."
         },
         {
            "open":true
         }
      ],
      [
         {
            "name":"Lawyer",
            "text":"Man, it's stuffy in here. Is there anywhere I can get some air?"
         },
         {
            "name":"The Boss",
            "text":"Yeah, try the {room}"
         },
         {
            "wait":2
         },
         {
            "open":true
         }
      ],
      [
         {
            "name":"Lawyer",
            "text":"Man, I'm starving. When is lunch?"
         },
         {
            "name":"The Boss",
            "text":"Err, usually it's served in {time_ahead}"
         },
         {
            "name":"Lawyer",
            "text":"You know what they will be serving?"
         },
         {
            "name":"The Boss",
            "text":"I heard it's {food} today."
         },
         {
            "name":"Lawyer",
            "text":"Yum. I'm gonna check the kitchen quickly-"
         },
         {
            "open":true
         }
      ],
      [
         {
            "name":"Lawyer",
            "text":"What on earth happened to these {record}?!",
            "shake":1
         },
         {
            "name":"The Boss",
            "text":"Um.. it's {destroy_reason}."
         },
         {
            "wait":1
         },
         {
            "name":"Lawyer",
            "text":"What!?",
            "shake":2
         },
         {
            "name":"The Boss",
            "text":"Yep. Pretty wild, huh."
         },
         {
            "name":"Lawyer",
            "text":"I'm going to need to check the {room}."
         },
         {
            "open":true
         }
      ]
   ],
   "interuptions":[
      [
         {
            "name":"Lawyer",
            "text":"-{interuption}. What's that noise?"
         },
         {
            "wait":1
         },
         {
            "name":"Lawyer",
            "text":"...it's coming from the {room}.."
         },
         {
            "open":true
         }
      ],
      [
         {
            "name":"Lawyer",
            "text":"-{interuption}. I gotta go- where's the bathroom?"
         },
         {
            "name":"Lawyer",
            "sound_effect":"knock",
            "text":"**knock kn-",
            "spring":1
         },
         {
            "open":true
         }
      ],
      [
         {
            "name":"Lawyer",
            "text":"-{interuption}. I smell.. {food}..."
         },
         {
            "open":true
         }
      ],
      [
         {
            "name":"Lawyer",
            "text":"-{interuption}. Who's that looking in from the window"
         },
         {
            "name":"The Boss",
            "text":"Huh? I don't see anyone-"
         },
         {
            "name":"Lawyer",
            "text":"Ha! Tricked you!",
            "shake":1
         },
         {
            "open":true
         }
      ],
      [
         {
            "name":"Lawyer",
            "text":"-{interuption}. Hmm..."
         },
         {
            "wait":1
         },
         {
            "name":"Lawyer",
            "text":"I smell something.. fishy.."
         },
         {
            "name":"Lawyer",
            "text":"Could it be... {food} cooking in the {room}!?"
         },
         {
            "open":true
         }
      ],
      [
         {
            "name":"Lawyer",
            "text":"-{interuption}"
         },
         {
            "open":true
         }
      ],
      [
         {
            "name":"Lawyer",
            "text":"{interuption}"
         },
         {
            "open":true
         }
      ],
      [
         {
            "open":true
         }
      ]
   ],
   "generic_babble":[
      [
         {
            "name":"Lawyer",
            "text":"mhmm"
         }
      ],
      [
         {
            "name":"Lawyer",
            "text":"...let's see..."
         }
      ],
      [
         {
            "name":"Lawyer",
            "text":"can I see that?"
         }
      ],
      [
         {
            "name":"Lawyer",
            "text":"Looks good."
         },
         {
            "name":"The Boss",
            "text":"Thanks."
         }
      ],
      [
         {
            "name":"Lawyer",
            "text":"{interuption}-"
         }
      ],
      [
         {
            "name":"Lawyer",
            "text":"{interuption}"
         }
      ]
   ],
   "defaults":{
      "interuption":[
         "hold on",
         "wait up",
         "wait a second",
         "give me a second",
         "wait",
         "hang on",
         "huh",
         "hmm",
         "stop"
      ],
      "accept":[
         "Alright..",
         "Very well.",
         "If you say so.",
         "Alrighty then.",
         "You've been seeming sus lately.. but ok.",
         "Ok.",
         "Yeah, yeah.",
         "Not suspicious at all.",
         "Fair enough.",
         "Carry on.",
         "No problem.",
         "No problemo.",
         "Ooookkkk.",
         "Ha. Funny guy.",
         "Keep at it.",
         "Damn, you're good.",
         "Thought I could catch you off guard.",
         "Ok, bye.",
         "I'll check on you again later.",
         "I've got my eye on you.",
         "... **sigh**. {accept}.",
         "... {accept}."
      ],
      "question":[
         "Oh, hi! I wasn't expecting someone to be in here.",
         "What's up?",
         "What you doing in here?",
         "Hey.",
         "What are you doing?",
         "Hello again",
         "Just checking..",
         "Hi there.",
         "What's that?",
         "What's happening?",
         "What's happening in here?"
      ],
      "reply":[
         "I'm just chilling.",
         "I'm eating some {food}.",
         "I'm catching some Z's.",
         "Oh, me? {reply}",
         "Nothing much.",
         "Nothing suspicious going on here. Nope.",
         "Everything is above board in here.",
         "Don't worry.",
         "Don't worry about me.",
         "I'm practicing my yoga.",
         "I'm doing important work."
      ],
      "open_door_reason":[
         "What's in here?",
         "And this?",
         "Is this the {room}?",
         "Ah, the {room}- I was looking for this-",
         "Let's have a look in the {room}"
      ],
      "hurry_reason":[
         "my guild is having a raid in {time_ahead}",
         "I've got {food} boiling at home",
         "my wife is making me {food} tonight",
         "I haven't had lunch and i'm craving some {food}",
         "the {food} I ate for lunch isn't sitting well with me",
         "my son is at soccer practice in {time_ahead}",
         "I've just taken a {animal} into my care that needs my attention"
      ],
      "destroy_reason":[
         "all been burned to a crisp",
         "accidentially all fallen down the trash chute",
         "been eaten by a {animal}",
         "fallen on the ground",
         "fallen down the stairs",
         "fallen off the roof",
         "fallen off the balcony",
         "fallen on the floor",
         "had {food} spilled all over it"
      ],
      "animal":[
         "dog",
         "wild tiger",
         "boar",
         "passing pack of coyotes"
      ],
      "room":[
         "store room",
         "back room",
         "{record} room",
         "storage area",
         "warehouse",
         "kitchen",
         "broom closet",
         "fitting room",
         "bathroom",
         "toilets",
         "vault",
         "treasury",
         "lingerie storeroom"
      ],
      "record":[
         "accounts",
         "records",
         "books",
         "diagrams",
         "blueprints",
         "financial statements",
         "fridge",
         "reports"
      ],
      "time_ahead":[
         "half an hour",
         "15 minutes",
         "5 minutes",
         "20 minutes",
         "45 minutes",
         "an hour",
         "2 hours"
      ],
      "time_past":[
         "last year",
         "2 years ago",
         "last month",
         "a couple months ago"
      ],
      "food":[
         "apple crumble",
         "grape",
         "apple",
         "cheesecake",
         "chickpea",
         "chicken",
         "couscous",
         "crackers",
         "cranberry",
         "banana toffee pudding",
         "applesauce",
         "cauliflower",
         "croissant",
         "crustacean",
         "deer",
         "milk",
         "drumstick",
         "dry ice",
         "egg",
         "eggnog",
         "elderberry",
         "durian",
         "duck",
         "fat",
         "{food} soup",
         "{food} chili",
         "{food} concentrate",
         "{food} drink"
      ]
   }
}
