{
  "speed": 3,
  "speedIncrease": 0.05,
  "prestigeCoefficient": 0.5,
  "obstacles": [
    {
      "1": {
        "type": "coral",
        "x": 400,
        "y": 154,
        "delay": 3500
      },
      "amount": 1,
      "weight": 100
    },
    {
      "1": {
        "type": "shell",
        "x": 400,
        "y": 182,
        "delay": 3000
      },
      "amount": 1,
      "weight": 80
    },
    {
      "1": {
        "type": "seaweed_1",
        "x": 400,
        "y": 156,
        "delay": 3500
      },
      "amount": 1,
      "weight": 100
    },
    {
      "1": {
        "type": "seaweed_2",
        "x": 400,
        "y": 154,
        "delay": 3500
      },
      "amount": 1,
      "weight": 100
    },
    {
      "1": {
        "type": "fugu",
        "x": 400,
        "y": 80,
        "delay": 3000
      },
      "amount": 1,
      "weight": 100
    },
    {
      "1": {
        "type": "fugu",
        "x": 400,
        "y": 100,
        "delay": 3000
      },
      "amount": 1,
      "weight": 100
    },
    {
      "1": {
        "type": "fugu",
        "x": 400,
        "y": 130,
        "delay": 3500
      },
      "amount": 1,
      "weight": 100
    },
    {
      "1": {
        "type": "fugu",
        "x": 400,
        "y": 155,
        "delay": 3500
      },
      "amount": 1,
      "weight": 100
    },
    {
      "1": {
        "type": "eel",
        "x": 400,
        "y": 100,
        "delay": 3800
      },
      "amount": 1,
      "weight": 100
    },
    {
      "1": {
        "type": "eel",
        "x": 400,
        "y": 150,
        "delay": 4000
      },
      "amount": 1,
      "weight": 100
    },
    {
      "1": {
        "type": "amphora",
        "x": 400,
        "y": 132,
        "delay": 5000
      },
      "amount": 1,
      "weight": 100
    },
    {
      "1": {
        "type": "portal",
        "x": 400,
        "y": 127,
        "delay": 6500
      },
      "amount": 1,
      "weight": 40
    },
    {
      "1": {
        "type": "seaweed_2",
        "x": 400,
        "y": 154,
        "delay": 0
      },
      "2": {
        "type": "seaweed_1",
        "x": 419,
        "y": 156,
        "delay": 3500
      },
      "amount": 2,
      "weight": 60
    },
    {
      "1": {
        "type": "seaweed_2",
        "x": 400,
        "y": 154,
        "delay": 0
      },
      "2": {
        "type": "shell",
        "x": 410,
        "y": 182,
        "delay": 0
      },
      "3": {
        "type": "seaweed_1",
        "x": 421,
        "y": 156,
        "delay": 3500
      },
      "amount": 3,
      "weight": 30
    },
    {
      "1": {
        "type": "seaweed_1",
        "x": 400,
        "y": 156,
        "delay": 0
      },
      "2": {
        "type": "seaweed_2",
        "x": 418,
        "y": 154,
        "delay": 0
      },
      "3": {
        "type": "seaweed_1",
        "x": 436,
        "y": 156,
        "delay": 3500
      },
      "amount": 3,
      "weight": 40
    },
    {
      "1": {
        "type": "nil",
        "delay": 1000
      },
      "2": {
        "type": "fugu",
        "x": 400,
        "y": 130,
        "delay": 0
      },
      "3": {
        "type": "shell",
        "x": 460,
        "y": 182,
        "delay": 1750
      },
      "4": {
        "type": "fugu",
        "x": 430,
        "y": 60,
        "delay": 3500
      },
      "amount": 4,
      "weight": 30
    },
    {
      "1": {
        "type": "eel",
        "x": 400,
        "y": 30,
        "delay": 0
      },
      "2": {
        "type": "eel",
        "x": 400,
        "y": 60,
        "delay": 0
      },
      "3": {
        "type": "eel",
        "x": 400,
        "y": 90,
        "delay": 0
      },
      "4": {
        "type": "eel",
        "x": 400,
        "y": 120,
        "delay": 0
      },
      "5": {
        "type": "eel",
        "x": 400,
        "y": 150,
        "delay": 4000
      },
      "amount": 5,
      "weight": 2
    },
    {
      "1": {
        "type": "eel",
        "x": 400,
        "y": 170,
        "delay": 0
      },
      "2": {
        "type": "amphora",
        "x": 405,
        "y": 132,
        "delay": 5000
      },
      "amount": 2,
      "weight": 20
    },
    {
      "1": {
        "type": "fugu",
        "x": 400,
        "y": 155,
        "delay": 1400
      },
      "2": {
        "type": "fugu",
        "x": 400,
        "y": 70,
        "delay": 700
      },
      "3": {
        "type": "fugu",
        "x": 400,
        "y": 30,
        "delay": 0
      },
      "4": {
        "type": "fugu",
        "x": 400,
        "y": 130,
        "delay": 700
      },
      "5": {
        "type": "fugu",
        "x": 400,
        "y": 70,
        "delay": 1400
      },
      "6": {
        "type": "fugu",
        "x": 400,
        "y": 155,
        "delay": 3500
      },
      "amount": 6,
      "weight": 10
    }
  ]
}